t,s,kappa,tau
0.050000,0,nan,nan
0.050000,0,nan,nan
0.050000,0,nan,nan
0.050000,0,nan,nan
0.050000,0,nan,nan
0.050000,0,nan,nan
0.050000,0,nan,nan
0.050000,0,nan,nan
0.050000,0,nan,nan
0.050000,0,nan,nan
0.050000,0,nan,nan
0.050000,0,nan,nan
0.050000,0,nan,nan
0.050000,0,nan,nan
0.050000,0,nan,nan
0.050000,0,nan,nan
0.050000,0,nan,nan
0.050000,0,nan,nan
0.050000,0,nan,nan
0.050000,0,nan,nan
0.050000,0,nan,nan
0.050000,0,nan,nan
0.050000,0,nan,nan
0.050000,0,nan,nan
0.050000,0,nan,nan
0.050000,0,nan,nan
0.050000,0,nan,nan
0.050000,0,nan,nan
0.050000,0,nan,nan
0.050000,0,nan,nan
0.050000,0,nan,nan
0.050000,0,nan,nan
0.050000,0,nan,nan
0.050000,0,nan,nan
0.050000,0,nan,nan
0.050000,0,nan,nan
0.050000,0,nan,nan
0.050000,0,nan,nan
0.050000,0,nan,nan
0.050000,0,nan,nan
0.050000,0,nan,nan
0.050000,0,nan,nan
0.050000,0,nan,nan
0.050000,0,nan,nan
0.050000,0,nan,nan
0.050000,0,nan,nan
0.050000,0,nan,nan
0.050000,0,nan,nan
0.050000,0,nan,nan
0.050000,0,nan,nan
0.050000,0.232377711,nan,nan
0.100000,0,nan,nan
0.100000,0,nan,nan
0.100000,0,nan,nan
0.100000,0,nan,nan
0.100000,0,nan,nan
0.100000,0,nan,nan
0.100000,0,nan,nan
0.100000,0,nan,nan
0.100000,0,nan,nan
0.100000,0,nan,nan
0.100000,0,nan,nan
0.100000,0,nan,nan
0.100000,0,nan,nan
0.100000,0,nan,nan
0.100000,0,nan,nan
0.100000,0,nan,nan
0.100000,0,nan,nan
0.100000,0,nan,nan
0.100000,0,nan,nan
0.100000,0,nan,nan
0.100000,0,nan,nan
0.100000,0,nan,nan
0.100000,0,nan,nan
0.100000,0,nan,nan
0.100000,0,nan,nan
0.100000,0,nan,nan
0.100000,0,nan,nan
0.100000,0,nan,nan
0.100000,0,nan,nan
0.100000,0,nan,nan
0.100000,0,nan,nan
0.100000,0,nan,nan
0.100000,0,nan,nan
0.100000,0,nan,nan
0.100000,0,nan,nan
0.100000,0,nan,nan
0.100000,0,nan,nan
0.100000,0,nan,nan
0.100000,0,nan,nan
0.100000,0,nan,nan
0.100000,0,nan,nan
0.100000,0,nan,nan
0.100000,0,nan,nan
0.100000,0,nan,nan
0.100000,0,nan,nan
0.100000,0,nan,nan
0.100000,0,nan,nan
0.100000,0,nan,nan
0.100000,0,nan,nan
0.100000,0,nan,nan
0.100000,0.821340364,nan,nan
0.150000,0,nan,nan
0.150000,0,nan,nan
0.150000,0,nan,nan
0.150000,0,nan,nan
0.150000,0,nan,nan
0.150000,0,nan,nan
0.150000,0,nan,nan
0.150000,0,nan,nan
0.150000,0,nan,nan
0.150000,0,nan,nan
0.150000,0,nan,nan
0.150000,0,nan,nan
0.150000,0,nan,nan
0.150000,0,nan,nan
0.150000,0,nan,nan
0.150000,0,nan,nan
0.150000,0,nan,nan
0.150000,0,nan,nan
0.150000,0,nan,nan
0.150000,0,nan,nan
0.150000,0,nan,nan
0.150000,0,nan,nan
0.150000,0,nan,nan
0.150000,0,nan,nan
0.150000,0,nan,nan
0.150000,0,nan,nan
0.150000,0,nan,nan
0.150000,0,nan,nan
0.150000,0,nan,nan
0.150000,0,nan,nan
0.150000,0,nan,nan
0.150000,0,nan,nan
0.150000,0,nan,nan
0.150000,0,nan,nan
0.150000,0,nan,nan
0.150000,0,nan,nan
0.150000,0,nan,nan
0.150000,0,nan,nan
0.150000,0,nan,nan
0.150000,0,nan,nan
0.150000,0,nan,nan
0.150000,0,nan,nan
0.150000,0,nan,nan
0.150000,0,nan,nan
0.150000,0,nan,nan
0.150000,0,nan,nan
0.150000,0,nan,nan
0.150000,0,nan,nan
0.150000,0,nan,nan
0.150000,0,nan,nan
0.150000,1.267831405,nan,nan
0.200000,0,nan,nan
0.200000,0,nan,nan
0.200000,0,nan,nan
0.200000,0,nan,nan
0.200000,0,nan,nan
0.200000,0,nan,nan
0.200000,0,nan,nan
0.200000,0,nan,nan
0.200000,0,nan,nan
0.200000,0,nan,nan
0.200000,0,nan,nan
0.200000,0,nan,nan
0.200000,0,nan,nan
0.200000,0,nan,nan
0.200000,0,nan,nan
0.200000,0,nan,nan
0.200000,0,nan,nan
0.200000,0,nan,nan
0.200000,0,nan,nan
0.200000,0,nan,nan
0.200000,0,nan,nan
0.200000,0,nan,nan
0.200000,0,nan,nan
0.200000,0,nan,nan
0.200000,0,nan,nan
0.200000,0,nan,nan
0.200000,0,nan,nan
0.200000,0,nan,nan
0.200000,0,nan,nan
0.200000,0,nan,nan
0.200000,0,nan,nan
0.200000,0,nan,nan
0.200000,0,nan,nan
0.200000,0,nan,nan
0.200000,0,nan,nan
0.200000,0,nan,nan
0.200000,0,nan,nan
0.200000,0,nan,nan
0.200000,0,nan,nan
0.200000,0,nan,nan
0.200000,0,nan,nan
0.200000,0,nan,nan
0.200000,0,nan,nan
0.200000,0,nan,nan
0.200000,0,nan,nan
0.200000,0,nan,nan
0.200000,0,nan,nan
0.200000,0,nan,nan
0.200000,0,nan,nan
0.200000,0,nan,nan
0.200000,1.842080655,nan,nan
0.250000,0,nan,nan
0.250000,0,nan,nan
0.250000,0,nan,nan
0.250000,0,nan,nan
0.250000,0,nan,nan
0.250000,0,nan,nan
0.250000,0,nan,nan
0.250000,0,nan,nan
0.250000,0,nan,nan
0.250000,0,nan,nan
0.250000,0,nan,nan
0.250000,0,nan,nan
0.250000,0,nan,nan
0.250000,0,nan,nan
0.250000,0,nan,nan
0.250000,0,nan,nan
0.250000,0,nan,nan
0.250000,0,nan,nan
0.250000,0,nan,nan
0.250000,0,nan,nan
0.250000,0,nan,nan
0.250000,0,nan,nan
0.250000,0,nan,nan
0.250000,0,nan,nan
0.250000,0,nan,nan
0.250000,0,nan,nan
0.250000,0,nan,nan
0.250000,0,nan,nan
0.250000,0,nan,nan
0.250000,0,nan,nan
0.250000,0,nan,nan
0.250000,0,nan,nan
0.250000,0,nan,nan
0.250000,0,nan,nan
0.250000,0,nan,nan
0.250000,0,nan,nan
0.250000,0,nan,nan
0.250000,0,nan,nan
0.250000,0,nan,nan
0.250000,0,nan,nan
0.250000,0,nan,nan
0.250000,0,nan,nan
0.250000,0,nan,nan
0.250000,0,nan,nan
0.250000,0,nan,nan
0.250000,0,nan,nan
0.250000,0,nan,nan
0.250000,0,nan,nan
0.250000,0,nan,nan
0.250000,0,nan,nan
0.250000,2.563517338,nan,nan
0.300000,0,nan,nan
0.300000,0,nan,nan
0.300000,0,nan,nan
0.300000,0,nan,nan
0.300000,0,nan,nan
0.300000,0,nan,nan
0.300000,0,nan,nan
0.300000,0,nan,nan
0.300000,0,nan,nan
0.300000,0,nan,nan
0.300000,0,nan,nan
0.300000,0,nan,nan
0.300000,0,nan,nan
0.300000,0,nan,nan
0.300000,0,nan,nan
0.300000,0,nan,nan
0.300000,0,nan,nan
0.300000,0,nan,nan
0.300000,0,nan,nan
0.300000,0,nan,nan
0.300000,0,nan,nan
0.300000,0,nan,nan
0.300000,0,nan,nan
0.300000,0,nan,nan
0.300000,0,nan,nan
0.300000,0,nan,nan
0.300000,0,nan,nan
0.300000,0,nan,nan
0.300000,0,nan,nan
0.300000,0,nan,nan
0.300000,0,nan,nan
0.300000,0,nan,nan
0.300000,0,nan,nan
0.300000,0,nan,nan
0.300000,0,nan,nan
0.300000,0,nan,nan
0.300000,0,nan,nan
0.300000,0,nan,nan
0.300000,0,nan,nan
0.300000,0,nan,nan
0.300000,0,nan,nan
0.300000,0,nan,nan
0.300000,0,nan,nan
0.300000,0,nan,nan
0.300000,0,nan,nan
0.300000,0,nan,nan
0.300000,0,nan,nan
0.300000,0,nan,nan
0.300000,0,nan,nan
0.300000,0,nan,nan
0.300000,3.366214639,nan,nan
0.350000,0,nan,nan
0.350000,0,nan,nan
0.350000,0,nan,nan
0.350000,0,nan,nan
0.350000,0,nan,nan
0.350000,0,nan,nan
0.350000,0,nan,nan
0.350000,0,nan,nan
0.350000,0,nan,nan
0.350000,0,nan,nan
0.350000,0,nan,nan
0.350000,0,nan,nan
0.350000,0,nan,nan
0.350000,0,nan,nan
0.350000,0,nan,nan
0.350000,0,nan,nan
0.350000,0,nan,nan
0.350000,0,nan,nan
0.350000,0,nan,nan
0.350000,0,nan,nan
0.350000,0,nan,nan
0.350000,0,nan,nan
0.350000,0,nan,nan
0.350000,0,nan,nan
0.350000,0,nan,nan
0.350000,0,nan,nan
0.350000,0,nan,nan
0.350000,0,nan,nan
0.350000,0,nan,nan
0.350000,0,nan,nan
0.350000,0,nan,nan
0.350000,0,nan,nan
0.350000,0,nan,nan
0.350000,0,nan,nan
0.350000,0,nan,nan
0.350000,0,nan,nan
0.350000,0,nan,nan
0.350000,0,nan,nan
0.350000,0,nan,nan
0.350000,0,nan,nan
0.350000,0,nan,nan
0.350000,0,nan,nan
0.350000,0,nan,nan
0.350000,0,nan,nan
0.350000,0,nan,nan
0.350000,0,nan,nan
0.350000,0,nan,nan
0.350000,0,nan,nan
0.350000,0,nan,nan
0.350000,0,nan,nan
0.350000,4.21713666,nan,nan
0.400000,0,nan,nan
0.400000,0,nan,nan
0.400000,0,nan,nan
0.400000,0,nan,nan
0.400000,0,nan,nan
0.400000,0,nan,nan
0.400000,0,nan,nan
0.400000,0,nan,nan
0.400000,0,nan,nan
0.400000,0,nan,nan
0.400000,0,nan,nan
0.400000,0,nan,nan
0.400000,0,nan,nan
0.400000,0,nan,nan
0.400000,0,nan,nan
0.400000,0,nan,nan
0.400000,0,nan,nan
0.400000,0,nan,nan
0.400000,0,nan,nan
0.400000,0,nan,nan
0.400000,0,nan,nan
0.400000,0,nan,nan
0.400000,0,nan,nan
0.400000,0,nan,nan
0.400000,0,nan,nan
0.400000,0,nan,nan
0.400000,0,nan,nan
0.400000,0,nan,nan
0.400000,0,nan,nan
0.400000,0,nan,nan
0.400000,0,nan,nan
0.400000,0,nan,nan
0.400000,0,nan,nan
0.400000,0,nan,nan
0.400000,0,nan,nan
0.400000,0,nan,nan
0.400000,0,nan,nan
0.400000,0,nan,nan
0.400000,0,nan,nan
0.400000,0,nan,nan
0.400000,0,nan,nan
0.400000,0,nan,nan
0.400000,0,nan,nan
0.400000,0,nan,nan
0.400000,0,nan,nan
0.400000,0,nan,nan
0.400000,0,nan,nan
0.400000,0,nan,nan
0.400000,0,nan,nan
0.400000,0,nan,nan
0.400000,5.099593214,nan,nan
0.450000,0,nan,nan
0.450000,0,nan,nan
0.450000,0,nan,nan
0.450000,0,nan,nan
0.450000,0,nan,nan
0.450000,0,nan,nan
0.450000,0,nan,nan
0.450000,0,nan,nan
0.450000,0,nan,nan
0.450000,0,nan,nan
0.450000,0,nan,nan
0.450000,0,nan,nan
0.450000,0,nan,nan
0.450000,0,nan,nan
0.450000,0,nan,nan
0.450000,0,nan,nan
0.450000,0,nan,nan
0.450000,0,nan,nan
0.450000,0,nan,nan
0.450000,0,nan,nan
0.450000,0,nan,nan
0.450000,0,nan,nan
0.450000,0,nan,nan
0.450000,0,nan,nan
0.450000,0,nan,nan
0.450000,0,nan,nan
0.450000,0,nan,nan
0.450000,0,nan,nan
0.450000,0,nan,nan
0.450000,0,nan,nan
0.450000,0,nan,nan
0.450000,0,nan,nan
0.450000,0,nan,nan
0.450000,0,nan,nan
0.450000,0,nan,nan
0.450000,0,nan,nan
0.450000,0,nan,nan
0.450000,0,nan,nan
0.450000,0,nan,nan
0.450000,0,nan,nan
0.450000,0,nan,nan
0.450000,0,nan,nan
0.450000,0,nan,nan
0.450000,0,nan,nan
0.450000,0,nan,nan
0.450000,0,nan,nan
0.450000,0,nan,nan
0.450000,0,nan,nan
0.450000,0,nan,nan
0.450000,0,nan,nan
0.450000,6.004616402,nan,nan
0.500000,0,nan,nan
0.500000,0,nan,nan
0.500000,0,nan,nan
0.500000,0,nan,nan
0.500000,0,nan,nan
0.500000,0,nan,nan
0.500000,0,nan,nan
0.500000,0,nan,nan
0.500000,0,nan,nan
0.500000,0,nan,nan
0.500000,0,nan,nan
0.500000,0,nan,nan
0.500000,0,nan,nan
0.500000,0,nan,nan
0.500000,0,nan,nan
0.500000,0,nan,nan
0.500000,0,nan,nan
0.500000,0,nan,nan
0.500000,0,nan,nan
0.500000,0,nan,nan
0.500000,0,nan,nan
0.500000,0,nan,nan
0.500000,0,nan,nan
0.500000,0,nan,nan
0.500000,0,nan,nan
0.500000,0,nan,nan
0.500000,0,nan,nan
0.500000,0,nan,nan
0.500000,0,nan,nan
0.500000,0,nan,nan
0.500000,0,nan,nan
0.500000,0,nan,nan
0.500000,0,nan,nan
0.500000,0,nan,nan
0.500000,0,nan,nan
0.500000,0,nan,nan
0.500000,0,nan,nan
0.500000,0,nan,nan
0.500000,0,nan,nan
0.500000,0,nan,nan
0.500000,0,nan,nan
0.500000,0,nan,nan
0.500000,0,nan,nan
0.500000,0,nan,nan
0.500000,0,nan,nan
0.500000,0,nan,nan
0.500000,0,nan,nan
0.500000,0,nan,nan
0.500000,0,nan,nan
0.500000,0,nan,nan
0.500000,6.926986391,nan,nan
0.550000,0,nan,nan
0.550000,0,nan,nan
0.550000,0,nan,nan
0.550000,0,nan,nan
0.550000,0,nan,nan
0.550000,0,nan,nan
0.550000,0,nan,nan
0.550000,0,nan,nan
0.550000,0,nan,nan
0.550000,0,nan,nan
0.550000,0,nan,nan
0.550000,0,nan,nan
0.550000,0,nan,nan
0.550000,0,nan,nan
0.550000,0,nan,nan
0.550000,0,nan,nan
0.550000,0,nan,nan
0.550000,0,nan,nan
0.550000,0,nan,nan
0.550000,0,nan,nan
0.550000,0,nan,nan
0.550000,0,nan,nan
0.550000,0,nan,nan
0.550000,0,nan,nan
0.550000,0,nan,nan
0.550000,0,nan,nan
0.550000,0,nan,nan
0.550000,0,nan,nan
0.550000,0,nan,nan
0.550000,0,nan,nan
0.550000,0,nan,nan
0.550000,0,nan,nan
0.550000,0,nan,nan
0.550000,0,nan,nan
0.550000,0,nan,nan
0.550000,0,nan,nan
0.550000,0,nan,nan
0.550000,0,nan,nan
0.550000,0,nan,nan
0.550000,0,nan,nan
0.550000,0,nan,nan
0.550000,0,nan,nan
0.550000,0,nan,nan
0.550000,0,nan,nan
0.550000,0,nan,nan
0.550000,0,nan,nan
0.550000,0,nan,nan
0.550000,0,nan,nan
0.550000,0,nan,nan
0.550000,0,nan,nan
0.550000,7.863373965,nan,nan
0.600000,0,nan,nan
0.600000,0,nan,nan
0.600000,0,nan,nan
0.600000,0,nan,nan
0.600000,0,nan,nan
0.600000,0,nan,nan
0.600000,0,nan,nan
0.600000,0,nan,nan
0.600000,0,nan,nan
0.600000,0,nan,nan
0.600000,0,nan,nan
0.600000,0,nan,nan
0.600000,0,nan,nan
0.600000,0,nan,nan
0.600000,0,nan,nan
0.600000,0,nan,nan
0.600000,0,nan,nan
0.600000,0,nan,nan
0.600000,0,nan,nan
0.600000,0,nan,nan
0.600000,0,nan,nan
0.600000,0,nan,nan
0.600000,0,nan,nan
0.600000,0,nan,nan
0.600000,0,nan,nan
0.600000,0,nan,nan
0.600000,0,nan,nan
0.600000,0,nan,nan
0.600000,0,nan,nan
0.600000,0,nan,nan
0.600000,0,nan,nan
0.600000,0,nan,nan
0.600000,0,nan,nan
0.600000,0,nan,nan
0.600000,0,nan,nan
0.600000,0,nan,nan
0.600000,0,nan,nan
0.600000,0,nan,nan
0.600000,0,nan,nan
0.600000,0,nan,nan
0.600000,0,nan,nan
0.600000,0,nan,nan
0.600000,0,nan,nan
0.600000,0,nan,nan
0.600000,0,nan,nan
0.600000,0,nan,nan
0.600000,0,nan,nan
0.600000,0,nan,nan
0.600000,0,nan,nan
0.600000,0,nan,nan
0.600000,8.811450256,nan,nan
0.650000,0,nan,nan
0.650000,0,nan,nan
0.650000,0,nan,nan
0.650000,0,nan,nan
0.650000,0,nan,nan
0.650000,0,nan,nan
0.650000,0,nan,nan
0.650000,0,nan,nan
0.650000,0,nan,nan
0.650000,0,nan,nan
0.650000,0,nan,nan
0.650000,0,nan,nan
0.650000,0,nan,nan
0.650000,0,nan,nan
0.650000,0,nan,nan
0.650000,0,nan,nan
0.650000,0,nan,nan
0.650000,0,nan,nan
0.650000,0,nan,nan
0.650000,0,nan,nan
0.650000,0,nan,nan
0.650000,0,nan,nan
0.650000,0,nan,nan
0.650000,0,nan,nan
0.650000,0,nan,nan
0.650000,0,nan,nan
0.650000,0,nan,nan
0.650000,0,nan,nan
0.650000,0,nan,nan
0.650000,0,nan,nan
0.650000,0,nan,nan
0.650000,0,nan,nan
0.650000,0,nan,nan
0.650000,0,nan,nan
0.650000,0,nan,nan
0.650000,0,nan,nan
0.650000,0,nan,nan
0.650000,0,nan,nan
0.650000,0,nan,nan
0.650000,0,nan,nan
0.650000,0,nan,nan
0.650000,0,nan,nan
0.650000,0,nan,nan
0.650000,0,nan,nan
0.650000,0,nan,nan
0.650000,0,nan,nan
0.650000,0,nan,nan
0.650000,0,nan,nan
0.650000,0,nan,nan
0.650000,0,nan,nan
0.650000,9.769450706,nan,nan
0.700000,0,nan,nan
0.700000,0,nan,nan
0.700000,0,nan,nan
0.700000,0,nan,nan
0.700000,0,nan,nan
0.700000,0,nan,nan
0.700000,0,nan,nan
0.700000,0,nan,nan
0.700000,0,nan,nan
0.700000,0,nan,nan
0.700000,0,nan,nan
0.700000,0,nan,nan
0.700000,0,nan,nan
0.700000,0,nan,nan
0.700000,0,nan,nan
0.700000,0,nan,nan
0.700000,0,nan,nan
0.700000,0,nan,nan
0.700000,0,nan,nan
0.700000,0,nan,nan
0.700000,0,nan,nan
0.700000,0,nan,nan
0.700000,0,nan,nan
0.700000,0,nan,nan
0.700000,0,nan,nan
0.700000,0,nan,nan
0.700000,0,nan,nan
0.700000,0,nan,nan
0.700000,0,nan,nan
0.700000,0,nan,nan
0.700000,0,nan,nan
0.700000,0,nan,nan
0.700000,0,nan,nan
0.700000,0,nan,nan
0.700000,0,nan,nan
0.700000,0,nan,nan
0.700000,0,nan,nan
0.700000,0,nan,nan
0.700000,0,nan,nan
0.700000,0,nan,nan
0.700000,0,nan,nan
0.700000,0,nan,nan
0.700000,0,nan,nan
0.700000,0,nan,nan
0.700000,0,nan,nan
0.700000,0,nan,nan
0.700000,0,nan,nan
0.700000,0,nan,nan
0.700000,0,nan,nan
0.700000,0,nan,nan
0.700000,10.73595685,nan,nan
0.750000,0,nan,nan
0.750000,0,nan,nan
0.750000,0,nan,nan
0.750000,0,nan,nan
0.750000,0,nan,nan
0.750000,0,nan,nan
0.750000,0,nan,nan
0.750000,0,nan,nan
0.750000,0,nan,nan
0.750000,0,nan,nan
0.750000,0,nan,nan
0.750000,0,nan,nan
0.750000,0,nan,nan
0.750000,0,nan,nan
0.750000,0,nan,nan
0.750000,0,nan,nan
0.750000,0,nan,nan
0.750000,0,nan,nan
0.750000,0,nan,nan
0.750000,0,nan,nan
0.750000,0,nan,nan
0.750000,0,nan,nan
0.750000,0,nan,nan
0.750000,0,nan,nan
0.750000,0,nan,nan
0.750000,0,nan,nan
0.750000,0,nan,nan
0.750000,0,nan,nan
0.750000,0,nan,nan
0.750000,0,nan,nan
0.750000,0,nan,nan
0.750000,0,nan,nan
0.750000,0,nan,nan
0.750000,0,nan,nan
0.750000,0,nan,nan
0.750000,0,nan,nan
0.750000,0,nan,nan
0.750000,0,nan,nan
0.750000,0,nan,nan
0.750000,0,nan,nan
0.750000,0,nan,nan
0.750000,0,nan,nan
0.750000,0,nan,nan
0.750000,0,nan,nan
0.750000,0,nan,nan
0.750000,0,nan,nan
0.750000,0,nan,nan
0.750000,0,nan,nan
0.750000,0,nan,nan
0.750000,0,nan,nan
0.750000,11.70978397,nan,nan
0.800000,0,nan,nan
0.800000,0,nan,nan
0.800000,0,nan,nan
0.800000,0,nan,nan
0.800000,0,nan,nan
0.800000,0,nan,nan
0.800000,0,nan,nan
0.800000,0,nan,nan
0.800000,0,nan,nan
0.800000,0,nan,nan
0.800000,0,nan,nan
0.800000,0,nan,nan
0.800000,0,nan,nan
0.800000,0,nan,nan
0.800000,0,nan,nan
0.800000,0,nan,nan
0.800000,0,nan,nan
0.800000,0,nan,nan
0.800000,0,nan,nan
0.800000,0,nan,nan
0.800000,0,nan,nan
0.800000,0,nan,nan
0.800000,0,nan,nan
0.800000,0,nan,nan
0.800000,0,nan,nan
0.800000,0,nan,nan
0.800000,0,nan,nan
0.800000,0,nan,nan
0.800000,0,nan,nan
0.800000,0,nan,nan
0.800000,0,nan,nan
0.800000,0,nan,nan
0.800000,0,nan,nan
0.800000,0,nan,nan
0.800000,0,nan,nan
0.800000,0,nan,nan
0.800000,0,nan,nan
0.800000,0,nan,nan
0.800000,0,nan,nan
0.800000,0,nan,nan
0.800000,0,nan,nan
0.800000,0,nan,nan
0.800000,0,nan,nan
0.800000,0,nan,nan
0.800000,0,nan,nan
0.800000,0,nan,nan
0.800000,0,nan,nan
0.800000,0,nan,nan
0.800000,0,nan,nan
0.800000,0,nan,nan
0.800000,12.6899205,nan,nan
0.850000,0,nan,nan
0.850000,0,nan,nan
0.850000,0,nan,nan
0.850000,0,nan,nan
0.850000,0,nan,nan
0.850000,0,nan,nan
0.850000,0,nan,nan
0.850000,0,nan,nan
0.850000,0,nan,nan
0.850000,0,nan,nan
0.850000,0,nan,nan
0.850000,0,nan,nan
0.850000,0,nan,nan
0.850000,0,nan,nan
0.850000,0,nan,nan
0.850000,0,nan,nan
0.850000,0,nan,nan
0.850000,0,nan,nan
0.850000,0,nan,nan
0.850000,0,nan,nan
0.850000,0,nan,nan
0.850000,0,nan,nan
0.850000,0,nan,nan
0.850000,0,nan,nan
0.850000,0,nan,nan
0.850000,0,nan,nan
0.850000,0,nan,nan
0.850000,0,nan,nan
0.850000,0,nan,nan
0.850000,0,nan,nan
0.850000,0,nan,nan
0.850000,0,nan,nan
0.850000,0,nan,nan
0.850000,0,nan,nan
0.850000,0,nan,nan
0.850000,0,nan,nan
0.850000,0,nan,nan
0.850000,0,nan,nan
0.850000,0,nan,nan
0.850000,0,nan,nan
0.850000,0,nan,nan
0.850000,0,nan,nan
0.850000,0,nan,nan
0.850000,0,nan,nan
0.850000,0,nan,nan
0.850000,0,nan,nan
0.850000,0,nan,nan
0.850000,0,nan,nan
0.850000,0,nan,nan
0.850000,0,nan,nan
0.850000,13.67549307,nan,nan
0.900000,0,nan,nan
0.900000,0,nan,nan
0.900000,0,nan,nan
0.900000,0,nan,nan
0.900000,0,nan,nan
0.900000,0,nan,nan
0.900000,0,nan,nan
0.900000,0,nan,nan
0.900000,0,nan,nan
0.900000,0,nan,nan
0.900000,0,nan,nan
0.900000,0,nan,nan
0.900000,0,nan,nan
0.900000,0,nan,nan
0.900000,0,nan,nan
0.900000,0,nan,nan
0.900000,0,nan,nan
0.900000,0,nan,nan
0.900000,0,nan,nan
0.900000,0,nan,nan
0.900000,0,nan,nan
0.900000,0,nan,nan
0.900000,0,nan,nan
0.900000,0,nan,nan
0.900000,0,nan,nan
0.900000,0,nan,nan
0.900000,0,nan,nan
0.900000,0,nan,nan
0.900000,0,nan,nan
0.900000,0,nan,nan
0.900000,0,nan,nan
0.900000,0,nan,nan
0.900000,0,nan,nan
0.900000,0,nan,nan
0.900000,0,nan,nan
0.900000,0,nan,nan
0.900000,0,nan,nan
0.900000,0,nan,nan
0.900000,0,nan,nan
0.900000,0,nan,nan
0.900000,0,nan,nan
0.900000,0,nan,nan
0.900000,0,nan,nan
0.900000,0,nan,nan
0.900000,0,nan,nan
0.900000,0,nan,nan
0.900000,0,nan,nan
0.900000,0,nan,nan
0.900000,0,nan,nan
0.900000,0,nan,nan
0.900000,14.66574412,nan,nan
0.950000,0,nan,nan
0.950000,0,nan,nan
0.950000,0,nan,nan
0.950000,0,nan,nan
0.950000,0,nan,nan
0.950000,0,nan,nan
0.950000,0,nan,nan
0.950000,0,nan,nan
0.950000,0,nan,nan
0.950000,0,nan,nan
0.950000,0,nan,nan
0.950000,0,nan,nan
0.950000,0,nan,nan
0.950000,0,nan,nan
0.950000,0,nan,nan
0.950000,0,nan,nan
0.950000,0,nan,nan
0.950000,0,nan,nan
0.950000,0,nan,nan
0.950000,0,nan,nan
0.950000,0,nan,nan
0.950000,0,nan,nan
0.950000,0,nan,nan
0.950000,0,nan,nan
0.950000,0,nan,nan
0.950000,0,nan,nan
0.950000,0,nan,nan
0.950000,0,nan,nan
0.950000,0,nan,nan
0.950000,0,nan,nan
0.950000,0,nan,nan
0.950000,0,nan,nan
0.950000,0,nan,nan
0.950000,0,nan,nan
0.950000,0,nan,nan
0.950000,0,nan,nan
0.950000,0,nan,nan
0.950000,0,nan,nan
0.950000,0,nan,nan
0.950000,0,nan,nan
0.950000,0,nan,nan
0.950000,0,nan,nan
0.950000,0,nan,nan
0.950000,0,nan,nan
0.950000,0,nan,nan
0.950000,0,nan,nan
0.950000,0,nan,nan
0.950000,0,nan,nan
0.950000,0,nan,nan
0.950000,0,nan,nan
0.950000,15.66001597,nan,nan
1.000000,0,nan,nan
1.000000,0,nan,nan
1.000000,0,nan,nan
1.000000,0,nan,nan
1.000000,0,nan,nan
1.000000,0,nan,nan
1.000000,0,nan,nan
1.000000,0,nan,nan
1.000000,0,nan,nan
1.000000,0,nan,nan
1.000000,0,nan,nan
1.000000,0,nan,nan
1.000000,0,nan,nan
1.000000,0,nan,nan
1.000000,0,nan,nan
1.000000,0,nan,nan
1.000000,0,nan,nan
1.000000,0,nan,nan
1.000000,0,nan,nan
1.000000,0,nan,nan
1.000000,0,nan,nan
1.000000,0,nan,nan
1.000000,0,nan,nan
1.000000,0,nan,nan
1.000000,0,nan,nan
1.000000,0,nan,nan
1.000000,0,nan,nan
1.000000,0,nan,nan
1.000000,0,nan,nan
1.000000,0,nan,nan
1.000000,0,nan,nan
1.000000,0,nan,nan
1.000000,0,nan,nan
1.000000,0,nan,nan
1.000000,0,nan,nan
1.000000,0,nan,nan
1.000000,0,nan,nan
1.000000,0,nan,nan
1.000000,0,nan,nan
1.000000,0,nan,nan
1.000000,0,nan,nan
1.000000,0,nan,nan
1.000000,0,nan,nan
1.000000,0,nan,nan
1.000000,0,nan,nan
1.000000,0,nan,nan
1.000000,0,nan,nan
1.000000,0,nan,nan
1.000000,0,nan,nan
1.000000,0.04432270583,0.06513146945,nan
1.000000,16.67788037,nan,nan
1.050000,0,nan,nan
1.050000,0,nan,nan
1.050000,0,nan,nan
1.050000,0,nan,nan
1.050000,0,nan,nan
1.050000,0,nan,nan
1.050000,0,nan,nan
1.050000,0,nan,nan
1.050000,0,nan,nan
1.050000,0,nan,nan
1.050000,0,nan,nan
1.050000,0,nan,nan
1.050000,0,nan,nan
1.050000,0,nan,nan
1.050000,0,nan,nan
1.050000,0,nan,nan
1.050000,0,nan,nan
1.050000,0,nan,nan
1.050000,0,nan,nan
1.050000,0,nan,nan
1.050000,0,nan,nan
1.050000,0,nan,nan
1.050000,0,nan,nan
1.050000,0,nan,nan
1.050000,0,nan,nan
1.050000,0,nan,nan
1.050000,0,nan,nan
1.050000,0,nan,nan
1.050000,0,nan,nan
1.050000,0,nan,nan
1.050000,0,nan,nan
1.050000,0,nan,nan
1.050000,0,nan,nan
1.050000,0,nan,nan
1.050000,0,nan,nan
1.050000,0,nan,nan
1.050000,0,nan,nan
1.050000,0,nan,nan
1.050000,0,nan,nan
1.050000,0,nan,nan
1.050000,0,nan,nan
1.050000,0,nan,nan
1.050000,0,nan,nan
1.050000,0,nan,nan
1.050000,0,nan,nan
1.050000,0,nan,nan
1.050000,0,nan,nan
1.050000,0,nan,nan
1.050000,0,nan,nan
1.050000,0.4299743621,0.06103329061,nan
1.050000,17.8433494,nan,nan
1.100000,0,nan,nan
1.100000,0,nan,nan
1.100000,0,nan,nan
1.100000,0,nan,nan
1.100000,0,nan,nan
1.100000,0,nan,nan
1.100000,0,nan,nan
1.100000,0,nan,nan
1.100000,0,nan,nan
1.100000,0,nan,nan
1.100000,0,nan,nan
1.100000,0,nan,nan
1.100000,0,nan,nan
1.100000,0,nan,nan
1.100000,0,nan,nan
1.100000,0,nan,nan
1.100000,0,nan,nan
1.100000,0,nan,nan
1.100000,0,nan,nan
1.100000,0,nan,nan
1.100000,0,nan,nan
1.100000,0,nan,nan
1.100000,0,nan,nan
1.100000,0,nan,nan
1.100000,0,nan,nan
1.100000,0,nan,nan
1.100000,0,nan,nan
1.100000,0,nan,nan
1.100000,0,nan,nan
1.100000,0,nan,nan
1.100000,0,nan,nan
1.100000,0,nan,nan
1.100000,0,nan,nan
1.100000,0,nan,nan
1.100000,0,nan,nan
1.100000,0,nan,nan
1.100000,0,nan,nan
1.100000,0,nan,nan
1.100000,0,nan,nan
1.100000,0,nan,nan
1.100000,0,nan,nan
1.100000,0,nan,nan
1.100000,0,nan,nan
1.100000,0,nan,nan
1.100000,0,nan,nan
1.100000,0,nan,nan
1.100000,0,nan,nan
1.100000,0,nan,nan
1.100000,0,nan,nan
1.100000,1.03707257,0.05197039683,nan
1.100000,19.03186721,nan,nan
1.150000,0,nan,nan
1.150000,0,nan,nan
1.150000,0,nan,nan
1.150000,0,nan,nan
1.150000,0,nan,nan
1.150000,0,nan,nan
1.150000,0,nan,nan
1.150000,0,nan,nan
1.150000,0,nan,nan
1.150000,0,nan,nan
1.150000,0,nan,nan
1.150000,0,nan,nan
1.150000,0,nan,nan
1.150000,0,nan,nan
1.150000,0,nan,nan
1.150000,0,nan,nan
1.150000,0,nan,nan
1.150000,0,nan,nan
1.150000,0,nan,nan
1.150000,0,nan,nan
1.150000,0,nan,nan
1.150000,0,nan,nan
1.150000,0,nan,nan
1.150000,0,nan,nan
1.150000,0,nan,nan
1.150000,0,nan,nan
1.150000,0,nan,nan
1.150000,0,nan,nan
1.150000,0,nan,nan
1.150000,0,nan,nan
1.150000,0,nan,nan
1.150000,0,nan,nan
1.150000,0,nan,nan
1.150000,0,nan,nan
1.150000,0,nan,nan
1.150000,0,nan,nan
1.150000,0,nan,nan
1.150000,0,nan,nan
1.150000,0,nan,nan
1.150000,0,nan,nan
1.150000,0,nan,nan
1.150000,0,nan,nan
1.150000,0,nan,nan
1.150000,0,nan,nan
1.150000,0,nan,nan
1.150000,0,nan,nan
1.150000,0,nan,nan
1.150000,0,nan,nan
1.150000,0,nan,nan
1.150000,1.472799786,0.0259110176,nan
1.150000,19.89199288,nan,nan
1.200000,0,nan,nan
1.200000,0,nan,nan
1.200000,0,nan,nan
1.200000,0,nan,nan
1.200000,0,nan,nan
1.200000,0,nan,nan
1.200000,0,nan,nan
1.200000,0,nan,nan
1.200000,0,nan,nan
1.200000,0,nan,nan
1.200000,0,nan,nan
1.200000,0,nan,nan
1.200000,0,nan,nan
1.200000,0,nan,nan
1.200000,0,nan,nan
1.200000,0,nan,nan
1.200000,0,nan,nan
1.200000,0,nan,nan
1.200000,0,nan,nan
1.200000,0,nan,nan
1.200000,0,nan,nan
1.200000,0,nan,nan
1.200000,0,nan,nan
1.200000,0,nan,nan
1.200000,0,nan,nan
1.200000,0,nan,nan
1.200000,0,nan,nan
1.200000,0,nan,nan
1.200000,0,nan,nan
1.200000,0,nan,nan
1.200000,0,nan,nan
1.200000,0,nan,nan
1.200000,0,nan,nan
1.200000,0,nan,nan
1.200000,0,nan,nan
1.200000,0,nan,nan
1.200000,0,nan,nan
1.200000,0,nan,nan
1.200000,0,nan,nan
1.200000,0,nan,nan
1.200000,0,nan,nan
1.200000,0,nan,nan
1.200000,0,nan,nan
1.200000,0,nan,nan
1.200000,0,nan,nan
1.200000,0,nan,nan
1.200000,0,nan,nan
1.200000,0,nan,nan
1.200000,0,nan,nan
1.200000,2.115829763,0.01149653554,nan
1.200000,20.84216242,nan,nan
1.250000,0,nan,nan
1.250000,0,nan,nan
1.250000,0,nan,nan
1.250000,0,nan,nan
1.250000,0,nan,nan
1.250000,0,nan,nan
1.250000,0,nan,nan
1.250000,0,nan,nan
1.250000,0,nan,nan
1.250000,0,nan,nan
1.250000,0,nan,nan
1.250000,0,nan,nan
1.250000,0,nan,nan
1.250000,0,nan,nan
1.250000,0,nan,nan
1.250000,0,nan,nan
1.250000,0,nan,nan
1.250000,0,nan,nan
1.250000,0,nan,nan
1.250000,0,nan,nan
1.250000,0,nan,nan
1.250000,0,nan,nan
1.250000,0,nan,nan
1.250000,0,nan,nan
1.250000,0,nan,nan
1.250000,0,nan,nan
1.250000,0,nan,nan
1.250000,0,nan,nan
1.250000,0,nan,nan
1.250000,0,nan,nan
1.250000,0,nan,nan
1.250000,0,nan,nan
1.250000,0,nan,nan
1.250000,0,nan,nan
1.250000,0,nan,nan
1.250000,0,nan,nan
1.250000,0,nan,nan
1.250000,0,nan,nan
1.250000,0,nan,nan
1.250000,0,nan,nan
1.250000,0,nan,nan
1.250000,0,nan,nan
1.250000,0,nan,nan
1.250000,0,nan,nan
1.250000,0,nan,nan
1.250000,0,nan,nan
1.250000,0,nan,nan
1.250000,0,nan,nan
1.250000,0,nan,nan
1.250000,2.671743476,0.002095905757,nan
1.250000,21.28539429,nan,nan
1.300000,0,nan,nan
1.300000,0,nan,nan
1.300000,0,nan,nan
1.300000,0,nan,nan
1.300000,0,nan,nan
1.300000,0,nan,nan
1.300000,0,nan,nan
1.300000,0,nan,nan
1.300000,0,nan,nan
1.300000,0,nan,nan
1.300000,0,nan,nan
1.300000,0,nan,nan
1.300000,0,nan,nan
1.300000,0,nan,nan
1.300000,0,nan,nan
1.300000,0,nan,nan
1.300000,0,nan,nan
1.300000,0,nan,nan
1.300000,0,nan,nan
1.300000,0,nan,nan
1.300000,0,nan,nan
1.300000,0,nan,nan
1.300000,0,nan,nan
1.300000,0,nan,nan
1.300000,0,nan,nan
1.300000,0,nan,nan
1.300000,0,nan,nan
1.300000,0,nan,nan
1.300000,0,nan,nan
1.300000,0,nan,nan
1.300000,0,nan,nan
1.300000,0,nan,nan
1.300000,0,nan,nan
1.300000,0,nan,nan
1.300000,0,nan,nan
1.300000,0,nan,nan
1.300000,0,nan,nan
1.300000,0,nan,nan
1.300000,0,nan,nan
1.300000,0,nan,nan
1.300000,0,nan,nan
1.300000,0,nan,nan
1.300000,0,nan,nan
1.300000,0,nan,nan
1.300000,0,nan,nan
1.300000,0,nan,nan
1.300000,0,nan,nan
1.300000,0,nan,nan
1.300000,0,nan,nan
1.300000,3.097904498,0.02521503774,nan
1.300000,21.38211702,nan,nan
1.350000,0,nan,nan
1.350000,0,nan,nan
1.350000,0,nan,nan
1.350000,0,nan,nan
1.350000,0,nan,nan
1.350000,0,nan,nan
1.350000,0,nan,nan
1.350000,0,nan,nan
1.350000,0,nan,nan
1.350000,0,nan,nan
1.350000,0,nan,nan
1.350000,0,nan,nan
1.350000,0,nan,nan
1.350000,0,nan,nan
1.350000,0,nan,nan
1.350000,0,nan,nan
1.350000,0,nan,nan
1.350000,0,nan,nan
1.350000,0,nan,nan
1.350000,0,nan,nan
1.350000,0,nan,nan
1.350000,0,nan,nan
1.350000,0,nan,nan
1.350000,0,nan,nan
1.350000,0,nan,nan
1.350000,0,nan,nan
1.350000,0,nan,nan
1.350000,0,nan,nan
1.350000,0,nan,nan
1.350000,0,nan,nan
1.350000,0,nan,nan
1.350000,0,nan,nan
1.350000,0,nan,nan
1.350000,0,nan,nan
1.350000,0,nan,nan
1.350000,0,nan,nan
1.350000,0,nan,nan
1.350000,0,nan,nan
1.350000,0,nan,nan
1.350000,0,nan,nan
1.350000,0,nan,nan
1.350000,0,nan,nan
1.350000,0,nan,nan
1.350000,0,nan,nan
1.350000,0,nan,nan
1.350000,0,nan,nan
1.350000,0,nan,nan
1.350000,0,nan,nan
1.350000,0,nan,nan
1.350000,3.640729121,0.04918564528,nan
1.350000,21.73770437,nan,nan
1.400000,0,nan,nan
1.400000,0,nan,nan
1.400000,0,nan,nan
1.400000,0,nan,nan
1.400000,0,nan,nan
1.400000,0,nan,nan
1.400000,0,nan,nan
1.400000,0,nan,nan
1.400000,0,nan,nan
1.400000,0,nan,nan
1.400000,0,nan,nan
1.400000,0,nan,nan
1.400000,0,nan,nan
1.400000,0,nan,nan
1.400000,0,nan,nan
1.400000,0,nan,nan
1.400000,0,nan,nan
1.400000,0,nan,nan
1.400000,0,nan,nan
1.400000,0,nan,nan
1.400000,0,nan,nan
1.400000,0,nan,nan
1.400000,0,nan,nan
1.400000,0,nan,nan
1.400000,0,nan,nan
1.400000,0,nan,nan
1.400000,0,nan,nan
1.400000,0,nan,nan
1.400000,0,nan,nan
1.400000,0,nan,nan
1.400000,0,nan,nan
1.400000,0,nan,nan
1.400000,0,nan,nan
1.400000,0,nan,nan
1.400000,0,nan,nan
1.400000,0,nan,nan
1.400000,0,nan,nan
1.400000,0,nan,nan
1.400000,0,nan,nan
1.400000,0,nan,nan
1.400000,0,nan,nan
1.400000,0,nan,nan
1.400000,0,nan,nan
1.400000,0,nan,nan
1.400000,0,nan,nan
1.400000,0,nan,nan
1.400000,0,nan,nan
1.400000,0,nan,nan
1.400000,0,nan,nan
1.400000,4.357533088,0.06729126579,nan
1.400000,22.37056238,nan,nan
1.450000,0,nan,nan
1.450000,0,nan,nan
1.450000,0,nan,nan
1.450000,0,nan,nan
1.450000,0,nan,nan
1.450000,0,nan,nan
1.450000,0,nan,nan
1.450000,0,nan,nan
1.450000,0,nan,nan
1.450000,0,nan,nan
1.450000,0,nan,nan
1.450000,0,nan,nan
1.450000,0,nan,nan
1.450000,0,nan,nan
1.450000,0,nan,nan
1.450000,0,nan,nan
1.450000,0,nan,nan
1.450000,0,nan,nan
1.450000,0,nan,nan
1.450000,0,nan,nan
1.450000,0,nan,nan
1.450000,0,nan,nan
1.450000,0,nan,nan
1.450000,0,nan,nan
1.450000,0,nan,nan
1.450000,0,nan,nan
1.450000,0,nan,nan
1.450000,0,nan,nan
1.450000,0,nan,nan
1.450000,0,nan,nan
1.450000,0,nan,nan
1.450000,0,nan,nan
1.450000,0,nan,nan
1.450000,0,nan,nan
1.450000,0,nan,nan
1.450000,0,nan,nan
1.450000,0,nan,nan
1.450000,0,nan,nan
1.450000,0,nan,nan
1.450000,0,nan,nan
1.450000,0,nan,nan
1.450000,0,nan,nan
1.450000,0,nan,nan
1.450000,0,nan,nan
1.450000,0,nan,nan
1.450000,0,nan,nan
1.450000,0,nan,nan
1.450000,0,nan,nan
1.450000,0,nan,nan
1.450000,5.216368853,0.07884812985,nan
1.450000,23.20832695,nan,nan
1.500000,0,nan,nan
1.500000,0,nan,nan
1.500000,0,nan,nan
1.500000,0,nan,nan
1.500000,0,nan,nan
1.500000,0,nan,nan
1.500000,0,nan,nan
1.500000,0,nan,nan
1.500000,0,nan,nan
1.500000,0,nan,nan
1.500000,0,nan,nan
1.500000,0,nan,nan
1.500000,0,nan,nan
1.500000,0,nan,nan
1.500000,0,nan,nan
1.500000,0,nan,nan
1.500000,0,nan,nan
1.500000,0,nan,nan
1.500000,0,nan,nan
1.500000,0,nan,nan
1.500000,0,nan,nan
1.500000,0,nan,nan
1.500000,0,nan,nan
1.500000,0,nan,nan
1.500000,0,nan,nan
1.500000,0,nan,nan
1.500000,0,nan,nan
1.500000,0,nan,nan
1.500000,0,nan,nan
1.500000,0,nan,nan
1.500000,0,nan,nan
1.500000,0,nan,nan
1.500000,0,nan,nan
1.500000,0,nan,nan
1.500000,0,nan,nan
1.500000,0,nan,nan
1.500000,0,nan,nan
1.500000,0,nan,nan
1.500000,0,nan,nan
1.500000,0,nan,nan
1.500000,0,nan,nan
1.500000,0,nan,nan
1.500000,0,nan,nan
1.500000,0,nan,nan
1.500000,0,nan,nan
1.500000,0,nan,nan
1.500000,0,nan,nan
1.500000,0,nan,nan
1.500000,0,nan,nan
1.500000,6.165417697,0.08579699545,nan
1.500000,24.17740504,nan,nan
1.550000,0,nan,nan
1.550000,0,nan,nan
1.550000,0,nan,nan
1.550000,0,nan,nan
1.550000,0,nan,nan
1.550000,0,nan,nan
1.550000,0,nan,nan
1.550000,0,nan,nan
1.550000,0,nan,nan
1.550000,0,nan,nan
1.550000,0,nan,nan
1.550000,0,nan,nan
1.550000,0,nan,nan
1.550000,0,nan,nan
1.550000,0,nan,nan
1.550000,0,nan,nan
1.550000,0,nan,nan
1.550000,0,nan,nan
1.550000,0,nan,nan
1.550000,0,nan,nan
1.550000,0,nan,nan
1.550000,0,nan,nan
1.550000,0,nan,nan
1.550000,0,nan,nan
1.550000,0,nan,nan
1.550000,0,nan,nan
1.550000,0,nan,nan
1.550000,0,nan,nan
1.550000,0,nan,nan
1.550000,0,nan,nan
1.550000,0,nan,nan
1.550000,0,nan,nan
1.550000,0,nan,nan
1.550000,0,nan,nan
1.550000,0,nan,nan
1.550000,0,nan,nan
1.550000,0,nan,nan
1.550000,0,nan,nan
1.550000,0,nan,nan
1.550000,0,nan,nan
1.550000,0,nan,nan
1.550000,0,nan,nan
1.550000,0,nan,nan
1.550000,0,nan,nan
1.550000,0,nan,nan
1.550000,0,nan,nan
1.550000,0,nan,nan
1.550000,0,nan,nan
1.550000,0,nan,nan
1.550000,7.166474358,0.08988045721,nan
1.550000,25.22640385,nan,nan
1.600000,0,nan,nan
1.600000,0,nan,nan
1.600000,0,nan,nan
1.600000,0,nan,nan
1.600000,0,nan,nan
1.600000,0,nan,nan
1.600000,0,nan,nan
1.600000,0,nan,nan
1.600000,0,nan,nan
1.600000,0,nan,nan
1.600000,0,nan,nan
1.600000,0,nan,nan
1.600000,0,nan,nan
1.600000,0,nan,nan
1.600000,0,nan,nan
1.600000,0,nan,nan
1.600000,0,nan,nan
1.600000,0,nan,nan
1.600000,0,nan,nan
1.600000,0,nan,nan
1.600000,0,nan,nan
1.600000,0,nan,nan
1.600000,0,nan,nan
1.600000,0,nan,nan
1.600000,0,nan,nan
1.600000,0,nan,nan
1.600000,0,nan,nan
1.600000,0,nan,nan
1.600000,0,nan,nan
1.600000,0,nan,nan
1.600000,0,nan,nan
1.600000,0,nan,nan
1.600000,0,nan,nan
1.600000,0,nan,nan
1.600000,0,nan,nan
1.600000,0,nan,nan
1.600000,0,nan,nan
1.600000,0,nan,nan
1.600000,0,nan,nan
1.600000,0,nan,nan
1.600000,0,nan,nan
1.600000,0,nan,nan
1.600000,0,nan,nan
1.600000,0,nan,nan
1.600000,0,nan,nan
1.600000,0,nan,nan
1.600000,0,nan,nan
1.600000,0,nan,nan
1.600000,0,nan,nan
1.600000,8.196376006,0.09220394783,nan
1.600000,26.32252427,nan,nan
1.650000,0,nan,nan
1.650000,0,nan,nan
1.650000,0,nan,nan
1.650000,0,nan,nan
1.650000,0,nan,nan
1.650000,0,nan,nan
1.650000,0,nan,nan
1.650000,0,nan,nan
1.650000,0,nan,nan
1.650000,0,nan,nan
1.650000,0,nan,nan
1.650000,0,nan,nan
1.650000,0,nan,nan
1.650000,0,nan,nan
1.650000,0,nan,nan
1.650000,0,nan,nan
1.650000,0,nan,nan
1.650000,0,nan,nan
1.650000,0,nan,nan
1.650000,0,nan,nan
1.650000,0,nan,nan
1.650000,0,nan,nan
1.650000,0,nan,nan
1.650000,0,nan,nan
1.650000,0,nan,nan
1.650000,0,nan,nan
1.650000,0,nan,nan
1.650000,0,nan,nan
1.650000,0,nan,nan
1.650000,0,nan,nan
1.650000,0,nan,nan
1.650000,0,nan,nan
1.650000,0,nan,nan
1.650000,0,nan,nan
1.650000,0,nan,nan
1.650000,0,nan,nan
1.650000,0,nan,nan
1.650000,0,nan,nan
1.650000,0,nan,nan
1.650000,0,nan,nan
1.650000,0,nan,nan
1.650000,0,nan,nan
1.650000,0,nan,nan
1.650000,0,nan,nan
1.650000,0,nan,nan
1.650000,0,nan,nan
1.650000,0,nan,nan
1.650000,0,nan,nan
1.650000,0,nan,nan
1.650000,9.242087037,0.09341979926,nan
1.650000,27.4452664,nan,nan
1.700000,0,nan,nan
1.700000,0,nan,nan
1.700000,0,nan,nan
1.700000,0,nan,nan
1.700000,0,nan,nan
1.700000,0,nan,nan
1.700000,0,nan,nan
1.700000,0,nan,nan
1.700000,0,nan,nan
1.700000,0,nan,nan
1.700000,0,nan,nan
1.700000,0,nan,nan
1.700000,0,nan,nan
1.700000,0,nan,nan
1.700000,0,nan,nan
1.700000,0,nan,nan
1.700000,0,nan,nan
1.700000,0,nan,nan
1.700000,0,nan,nan
1.700000,0,nan,nan
1.700000,0,nan,nan
1.700000,0,nan,nan
1.700000,0,nan,nan
1.700000,0,nan,nan
1.700000,0,nan,nan
1.700000,0,nan,nan
1.700000,0,nan,nan
1.700000,0,nan,nan
1.700000,0,nan,nan
1.700000,0,nan,nan
1.700000,0,nan,nan
1.700000,0,nan,nan
1.700000,0,nan,nan
1.700000,0,nan,nan
1.700000,0,nan,nan
1.700000,0,nan,nan
1.700000,0,nan,nan
1.700000,0,nan,nan
1.700000,0,nan,nan
1.700000,0,nan,nan
1.700000,0,nan,nan
1.700000,0,nan,nan
1.700000,0,nan,nan
1.700000,0,nan,nan
1.700000,0,nan,nan
1.700000,0,nan,nan
1.700000,0,nan,nan
1.700000,0,nan,nan
1.700000,0,nan,nan
1.700000,10.29666203,0.09391370823,nan
1.700000,28.58198443,nan,nan
1.750000,0,nan,nan
1.750000,0,nan,nan
1.750000,0,nan,nan
1.750000,0,nan,nan
1.750000,0,nan,nan
1.750000,0,nan,nan
1.750000,0,nan,nan
1.750000,0,nan,nan
1.750000,0,nan,nan
1.750000,0,nan,nan
1.750000,0,nan,nan
1.750000,0,nan,nan
1.750000,0,nan,nan
1.750000,0,nan,nan
1.750000,0,nan,nan
1.750000,0,nan,nan
1.750000,0,nan,nan
1.750000,0,nan,nan
1.750000,0,nan,nan
1.750000,0,nan,nan
1.750000,0,nan,nan
1.750000,0,nan,nan
1.750000,0,nan,nan
1.750000,0,nan,nan
1.750000,0,nan,nan
1.750000,0,nan,nan
1.750000,0,nan,nan
1.750000,0,nan,nan
1.750000,0,nan,nan
1.750000,0,nan,nan
1.750000,0,nan,nan
1.750000,0,nan,nan
1.750000,0,nan,nan
1.750000,0,nan,nan
1.750000,0,nan,nan
1.750000,0,nan,nan
1.750000,0,nan,nan
1.750000,0,nan,nan
1.750000,0,nan,nan
1.750000,0,nan,nan
1.750000,0,nan,nan
1.750000,0,nan,nan
1.750000,0,nan,nan
1.750000,0,nan,nan
1.750000,0,nan,nan
1.750000,0,nan,nan
1.750000,0,nan,nan
1.750000,0,nan,nan
1.750000,0,nan,nan
1.750000,11.35668303,0.09391859224,nan
1.750000,29.72506678,nan,nan
1.800000,0,nan,nan
1.800000,0,nan,nan
1.800000,0,nan,nan
1.800000,0,nan,nan
1.800000,0,nan,nan
1.800000,0,nan,nan
1.800000,0,nan,nan
1.800000,0,nan,nan
1.800000,0,nan,nan
1.800000,0,nan,nan
1.800000,0,nan,nan
1.800000,0,nan,nan
1.800000,0,nan,nan
1.800000,0,nan,nan
1.800000,0,nan,nan
1.800000,0,nan,nan
1.800000,0,nan,nan
1.800000,0,nan,nan
1.800000,0,nan,nan
1.800000,0,nan,nan
1.800000,0,nan,nan
1.800000,0,nan,nan
1.800000,0,nan,nan
1.800000,0,nan,nan
1.800000,0,nan,nan
1.800000,0,nan,nan
1.800000,0,nan,nan
1.800000,0,nan,nan
1.800000,0,nan,nan
1.800000,0,nan,nan
1.800000,0,nan,nan
1.800000,0,nan,nan
1.800000,0,nan,nan
1.800000,0,nan,nan
1.800000,0,nan,nan
1.800000,0,nan,nan
1.800000,0,nan,nan
1.800000,0,nan,nan
1.800000,0,nan,nan
1.800000,0,nan,nan
1.800000,0,nan,nan
1.800000,0,nan,nan
1.800000,0,nan,nan
1.800000,0,nan,nan
1.800000,0,nan,nan
1.800000,0,nan,nan
1.800000,0,nan,nan
1.800000,0,nan,nan
1.800000,0,nan,nan
1.800000,12.42075038,0.09357816002,nan
1.800000,30.87016813,nan,nan
1.850000,0,nan,nan
1.850000,0,nan,nan
1.850000,0,nan,nan
1.850000,0,nan,nan
1.850000,0,nan,nan
1.850000,0,nan,nan
1.850000,0,nan,nan
1.850000,0,nan,nan
1.850000,0,nan,nan
1.850000,0,nan,nan
1.850000,0,nan,nan
1.850000,0,nan,nan
1.850000,0,nan,nan
1.850000,0,nan,nan
1.850000,0,nan,nan
1.850000,0,nan,nan
1.850000,0,nan,nan
1.850000,0,nan,nan
1.850000,0,nan,nan
1.850000,0,nan,nan
1.850000,0,nan,nan
1.850000,0,nan,nan
1.850000,0,nan,nan
1.850000,0,nan,nan
1.850000,0,nan,nan
1.850000,0,nan,nan
1.850000,0,nan,nan
1.850000,0,nan,nan
1.850000,0,nan,nan
1.850000,0,nan,nan
1.850000,0,nan,nan
1.850000,0,nan,nan
1.850000,0,nan,nan
1.850000,0,nan,nan
1.850000,0,nan,nan
1.850000,0,nan,nan
1.850000,0,nan,nan
1.850000,0,nan,nan
1.850000,0,nan,nan
1.850000,0,nan,nan
1.850000,0,nan,nan
1.850000,0,nan,nan
1.850000,0,nan,nan
1.850000,0,nan,nan
1.850000,0,nan,nan
1.850000,0,nan,nan
1.850000,0,nan,nan
1.850000,0,nan,nan
1.850000,0,nan,nan
1.850000,13.488596,0.09298237159,nan
1.850000,32.01506637,nan,nan
1.900000,0,nan,nan
1.900000,0,nan,nan
1.900000,0,nan,nan
1.900000,0,nan,nan
1.900000,0,nan,nan
1.900000,0,nan,nan
1.900000,0,nan,nan
1.900000,0,nan,nan
1.900000,0,nan,nan
1.900000,0,nan,nan
1.900000,0,nan,nan
1.900000,0,nan,nan
1.900000,0,nan,nan
1.900000,0,nan,nan
1.900000,0,nan,nan
1.900000,0,nan,nan
1.900000,0,nan,nan
1.900000,0,nan,nan
1.900000,0,nan,nan
1.900000,0,nan,nan
1.900000,0,nan,nan
1.900000,0,nan,nan
1.900000,0,nan,nan
1.900000,0,nan,nan
1.900000,0,nan,nan
1.900000,0,nan,nan
1.900000,0,nan,nan
1.900000,0,nan,nan
1.900000,0,nan,nan
1.900000,0,nan,nan
1.900000,0,nan,nan
1.900000,0,nan,nan
1.900000,0,nan,nan
1.900000,0,nan,nan
1.900000,0,nan,nan
1.900000,0,nan,nan
1.900000,0,nan,nan
1.900000,0,nan,nan
1.900000,0,nan,nan
1.900000,0,nan,nan
1.900000,0,nan,nan
1.900000,0,nan,nan
1.900000,0,nan,nan
1.900000,0,nan,nan
1.900000,0,nan,nan
1.900000,0,nan,nan
1.900000,0,nan,nan
1.900000,0,nan,nan
1.900000,0,nan,nan
1.900000,14.56057335,0.09218773594,nan
1.900000,33.15892223,nan,nan
1.950000,0,nan,nan
1.950000,0,nan,nan
1.950000,0,nan,nan
1.950000,0,nan,nan
1.950000,0,nan,nan
1.950000,0,nan,nan
1.950000,0,nan,nan
1.950000,0,nan,nan
1.950000,0,nan,nan
1.950000,0,nan,nan
1.950000,0,nan,nan
1.950000,0,nan,nan
1.950000,0,nan,nan
1.950000,0,nan,nan
1.950000,0,nan,nan
1.950000,0,nan,nan
1.950000,0,nan,nan
1.950000,0,nan,nan
1.950000,0,nan,nan
1.950000,0,nan,nan
1.950000,0,nan,nan
1.950000,0,nan,nan
1.950000,0,nan,nan
1.950000,0,nan,nan
1.950000,0,nan,nan
1.950000,0,nan,nan
1.950000,0,nan,nan
1.950000,0,nan,nan
1.950000,0,nan,nan
1.950000,0,nan,nan
1.950000,0,nan,nan
1.950000,0,nan,nan
1.950000,0,nan,nan
1.950000,0,nan,nan
1.950000,0,nan,nan
1.950000,0,nan,nan
1.950000,0,nan,nan
1.950000,0,nan,nan
1.950000,0,nan,nan
1.950000,0,nan,nan
1.950000,0,nan,nan
1.950000,0,nan,nan
1.950000,0,nan,nan
1.950000,0,nan,nan
1.950000,0,nan,nan
1.950000,0,nan,nan
1.950000,0,nan,nan
1.950000,0,nan,nan
1.950000,0,nan,nan
1.950000,15.63745117,0.09122919527,nan
1.950000,34.30189904,nan,nan
2.000000,0,nan,nan
2.000000,0,nan,nan
2.000000,0,nan,nan
2.000000,0,nan,nan
2.000000,0,nan,nan
2.000000,0,nan,nan
2.000000,0,nan,nan
2.000000,0,nan,nan
2.000000,0,nan,nan
2.000000,0,nan,nan
2.000000,0,nan,nan
2.000000,0,nan,nan
2.000000,0,nan,nan
2.000000,0,nan,nan
2.000000,0,nan,nan
2.000000,0,nan,nan
2.000000,0,nan,nan
2.000000,0,nan,nan
2.000000,0,nan,nan
2.000000,0,nan,nan
2.000000,0,nan,nan
2.000000,0,nan,nan
2.000000,0,nan,nan
2.000000,0,nan,nan
2.000000,0,nan,nan
2.000000,0,nan,nan
2.000000,0,nan,nan
2.000000,0,nan,nan
2.000000,0,nan,nan
2.000000,0,nan,nan
2.000000,0,nan,nan
2.000000,0,nan,nan
2.000000,0,nan,nan
2.000000,0,nan,nan
2.000000,0,nan,nan
2.000000,0,nan,nan
2.000000,0,nan,nan
2.000000,0,nan,nan
2.000000,0,nan,nan
2.000000,0,nan,nan
2.000000,0,nan,nan
2.000000,0,nan,nan
2.000000,0,nan,nan
2.000000,0,nan,nan
2.000000,0,nan,nan
2.000000,0,nan,nan
2.000000,0,nan,nan
2.000000,0,nan,nan
2.000000,0.1616663643,0.1202220105,nan
2.000000,16.78424591,0.09054939979,0.1881492204
2.000000,35.51317375,nan,nan
